{
  "hash": "2420ef8d",
  "configHash": "868d486d",
  "lockfileHash": "9bfc1489",
  "browserHash": "8c95d8e4",
  "optimized": {
    "@angular/common": {
      "src": "../../../../../node_modules/@angular/common/fesm2022/common.mjs",
      "file": "@angular_common.js",
      "fileHash": "c797be9c",
      "needsInterop": false
    },
    "@angular/core": {
      "src": "../../../../../node_modules/@angular/core/fesm2022/core.mjs",
      "file": "@angular_core.js",
      "fileHash": "5c4c089f",
      "needsInterop": false
    },
    "@angular/forms": {
      "src": "../../../../../node_modules/@angular/forms/fesm2022/forms.mjs",
      "file": "@angular_forms.js",
      "fileHash": "bf5f7d04",
      "needsInterop": false
    },
    "@angular/platform-browser": {
      "src": "../../../../../node_modules/@angular/platform-browser/fesm2022/platform-browser.mjs",
      "file": "@angular_platform-browser.js",
      "fileHash": "1db565b0",
      "needsInterop": false
    },
    "@angular/platform-browser/animations": {
      "src": "../../../../../node_modules/@angular/platform-browser/fesm2022/animations.mjs",
      "file": "@angular_platform-browser_animations.js",
      "fileHash": "9b967cee",
      "needsInterop": false
    },
    "@angular/router": {
      "src": "../../../../../node_modules/@angular/router/fesm2022/router.mjs",
      "file": "@angular_router.js",
      "fileHash": "c849f17e",
      "needsInterop": false
    },
    "@emailjs/browser": {
      "src": "../../../../../node_modules/@emailjs/browser/es/index.js",
      "file": "@emailjs_browser.js",
      "fileHash": "b0c4b2de",
      "needsInterop": false
    },
    "@yoozly/ngx-parallax": {
      "src": "../../../../../node_modules/@yoozly/ngx-parallax/fesm2022/yoozly-ngx-parallax.mjs",
      "file": "@yoozly_ngx-parallax.js",
      "fileHash": "cb1972b6",
      "needsInterop": false
    },
    "ng-circle-progress": {
      "src": "../../../../../node_modules/ng-circle-progress/fesm2020/ng-circle-progress.mjs",
      "file": "ng-circle-progress.js",
      "fileHash": "6fc94b4f",
      "needsInterop": false
    },
    "ngx-owl-carousel-o": {
      "src": "../../../../../node_modules/ngx-owl-carousel-o/fesm2022/ngx-owl-carousel-o.mjs",
      "file": "ngx-owl-carousel-o.js",
      "fileHash": "c2d3f492",
      "needsInterop": false
    },
    "ngx-scrolltop": {
      "src": "../../../../../node_modules/ngx-scrolltop/fesm2022/ngx-scrolltop.mjs",
      "file": "ngx-scrolltop.js",
      "fileHash": "4ed95fc0",
      "needsInterop": false
    }
  },
  "chunks": {
    "chunk-6YUM7YA4": {
      "file": "chunk-6YUM7YA4.js"
    },
    "chunk-I7FPFWTY": {
      "file": "chunk-I7FPFWTY.js"
    },
    "chunk-L2XS6BUN": {
      "file": "chunk-L2XS6BUN.js"
    },
    "chunk-PH4NEIZN": {
      "file": "chunk-PH4NEIZN.js"
    },
    "chunk-RDSL6AL2": {
      "file": "chunk-RDSL6AL2.js"
    },
    "chunk-J4B6MK7R": {
      "file": "chunk-J4B6MK7R.js"
    }
  }
}