[
    {
        "id":1,
        "image":"assets/images/company/facebook-logo.png",
        "companyName":"Facebook",
        "jobType":"Full Time",
        "jobTitle":"Web Designer / Developer",
        "loction":"Australia",
        "city":"Melbourne",
        "applied":"21 applied",
        "vacancy":"40 vacancy",
        "salary":" $950 - $1100",
        "desc":"Looking for an experienced Web Designer for an our company.",
        "desc2":"Digital Marketing Solutions for Tomorrow",
        "date":"13th Sep 2023",
        "skill":["HTML","CSS","SASS","SCSS","Photoshop","Graphics","Bootstrap"],
        "badge":true
    },
    {
        "id":2,
        "image":"assets/images/company/google-logo.png",
        "companyName":"Google",
        "jobType":"Part Time",
        "jobTitle":"Marketing Director",
        "loction":"USA",
        "city":"New York",
        "applied":"21 applied",
        "vacancy":"40 vacancy",
        "salary":"$2500 - $2600",
        "desc":"Looking for an experienced Web Designer for an our company.",
        "desc2":"Digital Marketing Solutions for Tomorrow",
        "date":"29th Nov 2023",
        "skill":["HTML","CSS","SASS","SCSS","Photoshop","Graphics","Bootstrap"],
        "badge":false
    },
    {
        "id":3,
        "image":"assets/images/company/android.png",
        "companyName":"Android",
        "jobType":"Remote",
        "jobTitle":"Application Developer",
        "loction":"Australia",
        "city":"Perth",
        "applied":"21 applied",
        "vacancy":"40 vacancy",
        "salary":"$3500 - $3600",
        "desc":"Looking for an experienced Web Designer for an our company.",
        "desc2":"Digital Marketing Solutions for Tomorrow",
        "date":"29th Dec 2023",
        "skill":["HTML","CSS","SASS","SCSS","Photoshop","Graphics","Bootstrap"],
        "badge":false
    },
    {
        "id":4,
        "image":"assets/images/company/lenovo-logo.png",
        "companyName":"Lenovo",
        "jobType":"WFH",
        "jobTitle":"Senior Product Designer",
        "loction":"Dubai",
        "city":"Sharjah",
        "applied":"21 applied",
        "vacancy":"40 vacancy",
        "salary":"$2000 - $2500",
        "desc":"Looking for an experienced Web Designer for an our company.",
        "desc2":"Digital Marketing Solutions for Tomorrow",
        "date":"13th March 2023",
        "skill":["HTML","CSS","SASS","SCSS","Photoshop","Graphics","Bootstrap"],
        "badge":false
    },
    {
        "id":5,
        "image":"assets/images/company/spotify.png",
        "companyName":"Spotify",
        "jobType":"Full Time",
        "jobTitle":"C++ Developer",
        "loction":"India",
        "city":"Surat",
        "applied":"21 applied",
        "vacancy":"40 vacancy",
        "salary":"$1500 - $1600",
        "desc":"Looking for an experienced Web Designer for an our company.",
        "desc2":"Digital Marketing Solutions for Tomorrow",
        "date":"5th May 2023",
        "skill":["HTML","CSS","SASS","SCSS","Photoshop","Graphics","Bootstrap"],
        "badge":true
    },
    {
        "id":6,
        "image":"assets/images/company/linkedin.png",
        "companyName":"Linkedin",
        "jobType":"Remote",
        "jobTitle":"Php Developer",
        "loction":"Japan",
        "city":"Sendai",
        "applied":"21 applied",
        "vacancy":"40 vacancy",
        "salary":"$500 - $600",
        "desc":"Looking for an experienced Web Designer for an our company.",
        "desc2":"Digital Marketing Solutions for Tomorrow",
        "date":"19th June 2023",
        "skill":["HTML","CSS","SASS","SCSS","Photoshop","Graphics","Bootstrap"],
        "badge":true
    },
    {
        "id":7,
        "image":"assets/images/company/circle-logo.png",
        "companyName":"Circle CI",
        "jobType":"Full Time",
        "jobTitle":"Web Designer / Developer",
        "loction":"Australia",
        "city":"Hobart",
        "applied":"21 applied",
        "vacancy":"40 vacancy",
        "salary":"$950 - $1100",
        "desc":"Looking for an experienced Web Designer for an our company.",
        "desc2":"Digital Marketing Solutions for Tomorrow",
        "date":"20th June 2023",
        "skill":["HTML","CSS","SASS","SCSS","Photoshop","Graphics","Bootstrap"],
        "badge":false
    },
    {
        "id":8,
        "image":"assets/images/company/skype.png",
        "companyName":"Skype",
        "jobType":"Part Time",
        "jobTitle":"Marketing Director",
        "loction":"USA",
        "city":"Chicago",
        "applied":"21 applied",
        "vacancy":"40 vacancy",
        "salary":"$2500 - $2600",
        "desc":"Looking for an experienced Web Designer for an our company.",
        "desc2":"Digital Marketing Solutions for Tomorrow",
        "date":"31st Aug 2023",
        "skill":["HTML","CSS","SASS","SCSS","Photoshop","Graphics","Bootstrap"],
        "badge":false
    },
    {
        "id":9,
        "image":"assets/images/company/snapchat.png",
        "companyName":"Snapchat",
        "jobType":"Remote",
        "jobTitle":"Application Developer",
        "loction":"China",
        "city":"Beijing",
        "applied":"21 applied",
        "vacancy":"40 vacancy",
        "salary":"$3500 - $3600",
        "desc":"Looking for an experienced Web Designer for an our company.",
        "desc2":"Digital Marketing Solutions for Tomorrow",
        "date":"1st Sep 2023",
        "skill":["HTML","CSS","SASS","SCSS","Photoshop","Graphics","Bootstrap"],
        "badge":false
    },
    {
        "id":10,
        "image":"assets/images/company/shree-logo.png",
        "companyName":"Shreethemes",
        "jobType":"WFH",
        "jobTitle":"Senior Product Designer",
        "loction":"Dubai",
        "city":"Abu Dhabi",
        "applied":"21 applied",
        "vacancy":"40 vacancy",
        "salary":"$2000 - $2500",
        "desc":"Looking for an experienced Web Designer for an our company.",
        "desc2":"Digital Marketing Solutions for Tomorrow",
        "date":"21th Oct 2023",
        "skill":["HTML","CSS","SASS","SCSS","Photoshop","Graphics","Bootstrap"],
        "badge":false
    },
    {
        "id":11,
        "image":"assets/images/company/telegram.png",
        "companyName":"Telegram",
        "jobType":"Full Time",
        "jobTitle":"C++ Developer",
        "loction":"India",
        "city":"Mumbai",
        "applied":"21 applied",
        "vacancy":"40 vacancy",
        "salary":"$1500 - $1600",
        "desc":"Looking for an experienced Web Designer for an our company.",
        "desc2":"Digital Marketing Solutions for Tomorrow",
        "date":"13th Sep 2023",
        "skill":["HTML","CSS","SASS","SCSS","Photoshop","Graphics","Bootstrap"],
        "badge":false
    },
    {
        "id":12,
        "image":"assets/images/company/whatsapp.png",
        "companyName":"Whatsapp",
        "jobType":"Remote",
        "jobTitle":"Php Developer",
        "loction":"Japan",
        "city":"Tokyo",
        "applied":"21 applied",
        "vacancy":"40 vacancy",
        "salary":"$500 - $600",
        "desc":"Looking for an experienced Web Designer for an our company.",
        "desc2":"Digital Marketing Solutions for Tomorrow",
        "date":"29th Nov 2023",
        "skill":["HTML","CSS","SASS","SCSS","Photoshop","Graphics","Bootstrap"],
        "badge":false
    }
]