{
  "hash": "7d377e92",
  "configHash": "02dfb339",
  "lockfileHash": "330ed320",
  "browserHash": "1ec741a6",
  "optimized": {
    "@angular/common": {
      "src": "../../../../../../node_modules/@angular/common/fesm2022/common.mjs",
      "file": "@angular_common.js",
      "fileHash": "1a91a962",
      "needsInterop": false
    },
    "@angular/core": {
      "src": "../../../../../../node_modules/@angular/core/fesm2022/core.mjs",
      "file": "@angular_core.js",
      "fileHash": "5c1e3308",
      "needsInterop": false
    },
    "@angular/platform-browser": {
      "src": "../../../../../../node_modules/@angular/platform-browser/fesm2022/platform-browser.mjs",
      "file": "@angular_platform-browser.js",
      "fileHash": "ddca716c",
      "needsInterop": false
    },
    "@angular/router": {
      "src": "../../../../../../node_modules/@angular/router/fesm2022/router.mjs",
      "file": "@angular_router.js",
      "fileHash": "e89e737d",
      "needsInterop": false
    },
    "@ngrx/store": {
      "src": "../../../../../../node_modules/@ngrx/store/fesm2022/ngrx-store.mjs",
      "file": "@ngrx_store.js",
      "fileHash": "67ceb80b",
      "needsInterop": false
    },
    "axios": {
      "src": "../../../../../../node_modules/axios/index.js",
      "file": "axios.js",
      "fileHash": "928722d8",
      "needsInterop": false
    },
    "rxjs/operators": {
      "src": "../../../../../../node_modules/rxjs/dist/esm5/operators/index.js",
      "file": "rxjs_operators.js",
      "fileHash": "95ed8f08",
      "needsInterop": false
    },
    "swiper/element/bundle": {
      "src": "../../../../../../node_modules/swiper/swiper-element-bundle.mjs",
      "file": "swiper_element_bundle.js",
      "fileHash": "ea45b2f0",
      "needsInterop": false
    },
    "swiper/modules": {
      "src": "../../../../../../node_modules/swiper/modules/index.mjs",
      "file": "swiper_modules.js",
      "fileHash": "c5b47da0",
      "needsInterop": false
    },
    "swiper/core": {
      "src": "../../../../../../node_modules/swiper/swiper.mjs",
      "file": "swiper_core.js",
      "fileHash": "dd8df729",
      "needsInterop": false
    }
  },
  "chunks": {
    "chunk-YWWFJZJV": {
      "file": "chunk-YWWFJZJV.js"
    },
    "chunk-33WJL5PK": {
      "file": "chunk-33WJL5PK.js"
    },
    "chunk-2YKHTQQ7": {
      "file": "chunk-2YKHTQQ7.js"
    },
    "chunk-R6KMTNXX": {
      "file": "chunk-R6KMTNXX.js"
    },
    "chunk-257J4CHA": {
      "file": "chunk-257J4CHA.js"
    },
    "chunk-R3PEZYWR": {
      "file": "chunk-R3PEZYWR.js"
    },
    "chunk-QSDJTSVE": {
      "file": "chunk-QSDJTSVE.js"
    },
    "chunk-4ULMLRGT": {
      "file": "chunk-4ULMLRGT.js"
    }
  }
}